fold,epoch,val_loss,val_auc,tr_auc, train_loss, time
fold,epoch,val_loss,val_auc,tr_auc, train_loss, time
fold,epoch,val_loss,val_auc,tr_auc, train_loss, time
0,0,nan,nan,4.051825309717489e+21,nan,nan,17042328.47107764, 2.4490145087242126
0,1,nan,nan,257272997.52632982,nan,nan,13810174.118611654, 1.7726959546407064
0,2,nan,nan,127784.21969791334,nan,nan,2107591.7439811863, 1.7635444521903991
0,3,nan,nan,1.3676115608638457e+25,2240432.2763605444,2240256.810905612,175466.99789574032, 1.7577821731567382
0,4,nan,nan,828608349.4913952,nan,nan,2212390.0325952647, 1.7951566696166992
0,5,nan,nan,inf,2330472.503082483,2330274.6526360544,197850.51748262782, 1.8050583362579347
0,6,nan,nan,1.4059952067428501e+30,2315821.9894770407,2315513.423681973,308566.84788627364, 1.7438854654630025
0,7,nan,nan,inf,2298408.273809524,2296064.423681973,2343850.6691437806, 1.7832444548606872
0,8,nan,nan,149717839841536.25,2306602.3971088436,2306335.5159438774,266879.40417231346, 1.8170127073923747
0,9,nan,nan,9.22315957938643e+24,2299017.5722789117,2298910.1173469387,107453.33055561091, 1.7872499148050944
0,10,nan,nan,7.657447426698163e+20,2293565.2335246596,2293316.782738095,248453.32165444302, 1.771900228659312
0,11,nan,nan,2.3961663439713725e+32,2233983.9466411564,2233881.8971088436,102050.15420552986, 1.757260811328888
fold,epoch,val_loss,val_auc,tr_auc, train_loss, time
0,0,nan,nan,4.051825309717489e+21,nan,nan,17042328.47107764, 1.7750274697939554
0,1,nan,nan,257272997.52632982,nan,nan,13810174.118611654, 1.745308029651642
0,2,nan,nan,127784.21969791334,nan,nan,2107591.7439811863, 1.619433911641439
0,3,nan,nan,1.3676115608638457e+25,2240432.2763605444,2240256.810905612,175466.99789574032, 1.79439164797465
0,4,nan,nan,828608349.4913952,nan,nan,2212390.0325952647, 1.7079679290453593
0,5,nan,nan,inf,2330472.503082483,2330274.6526360544,197850.51748262782, 1.764089862505595
0,6,nan,nan,1.4059952067428501e+30,2315821.9894770407,2315513.423681973,308566.84788627364, 1.7756849686304728
0,7,nan,nan,inf,2298408.273809524,2296064.423681973,2343850.6691437806, 1.7457698980967205
fold,epoch,val_loss,val_auc,tr_auc, train_loss, time
0,0,nan,nan,4.051825309717489e+21,nan,nan,17042328.47107764, 1.7166195432345073
fold,epoch,val_loss,val_auc,tr_auc, train_loss, time
0,0,nan,nan,4.051825309717489e+21,nan,nan,17042328.47107764, 1.7584928472836812
0,1,nan,nan,257272997.52632982,nan,nan,13810174.118611654, 1.7510286887486777
fold,epoch,val_loss,val_auc,tr_auc, train_loss, time
0,0,nan,nan,4.051825309717489e+21,nan,nan,17042328.47107764, 1.7665319720904031
fold,epoch,val_loss,val_auc,tr_auc, train_loss, time
0,0,nan,nan,4.051825309717489e+21,nan,nan,17042328.47107764, 1.7664276281992595
0,1,nan,nan,257272997.52632982,nan,nan,13810174.118611654, 1.7245923121770224
0,2,nan,nan,127784.21969791334,nan,nan,2107591.7439811863, 1.7103225191434224
0,3,nan,nan,1.3676115608638457e+25,2240432.2763605444,2240256.810905612,175466.99789574032, 1.7638234853744508
fold,epoch,val_loss,val_auc,tr_auc, train_loss, time
0,0,4387561.5625,4387552.75,8828.836181640625,4356026.604166667,4356018.0625,8450.603922526041, 0.04570781787236532
0,1,4394361.625,4394354.1875,7521.5931396484375,4355150.458333333,4355141.791666667,8592.497884114584, 0.028078373273213705
0,2,4387279.625,4387272.5625,7125.7545166015625,4358347.104166667,4358338.479166667,8555.284505208334, 0.029446653525034585
0,3,4377124.8125,4377117.875,6958.7008056640625,4356859.4375,4356850.770833333,8615.974934895834, 0.029148789246877034
0,4,4380891.4375,4380884.5625,6744.5755615234375,4354724.395833333,4354715.6875,8653.028767903646, 0.02946619987487793
0,5,4379718.6875,4379712.0,6625.693359375,4353750.875,4353742.375,8486.798746744791, 0.02838949759801229
0,6,4375797.375,4375790.8125,6527.907470703125,4355092.833333333,4355084.395833333,8484.721028645834, 0.02898979981740316
fold,epoch,val_loss,val_auc,tr_auc, train_loss, time
0,0,4428943.756377551,4428936.165816327,7578.6040524852515,4444662.317389456,4444653.358418368,8961.488553624575, 1.7223187883694966
0,1,4204736.823341837,4204726.624362245,10189.956880530532,4339933.021683673,4339922.477040816,10537.606199511054, 1.7288666288057963
0,2,4021998.2665816327,4021985.9706632653,12298.365256796078,4108244.3397108843,4108230.538690476,13802.031058175224, 1.7488872051239013
0,3,3828961.329719388,3828949.7123724488,11616.41259765625,3931739.5586734693,3931725.138818027,14423.132703716252, 1.7297458569208781
0,4,3686045.633290816,3686033.40625,12234.470102738362,3758280.2468112246,3758265.9270833335,14317.404475413212, 1.77250679731369
0,5,3590890.079719388,3590877.1670918367,12907.777049784758,3644500.136904762,3644485.243197279,14894.023442482461, 1.7360330740610759
0,6,3509421.6977040814,3509408.2193877553,13476.314004703443,3558205.569727891,3558190.1666666665,15404.747550289647, 1.7369826753934225
0,7,3432820.1096938774,3432805.9477040814,14158.68939582669,3483641.774447279,3483625.789540816,15985.566299127073, 1.7700395623842875
0,8,2835234.4451530613,2835213.7551020407,20695.270515286193,3155912.275297619,3155893.9670493198,18306.006300322864, 1.7915536483128867
fold,epoch,val_loss,val_auc,tr_auc, train_loss, time
0,0,4428943.756377551,4428936.165816327,7578.6040524852515,4444662.317389456,4444653.358418368,8961.488553624575, 1.7670363465944925
fold,epoch,val_loss,val_auc,tr_auc, train_loss, time
0,0,4428943.756377551,4428936.165816327,7578.6040524852515,4444662.317389456,4444653.358418368,8961.488553624575, 1.7461292028427124
0,1,4204736.823341837,4204726.624362245,10189.956880530532,4339933.021683673,4339922.477040816,10537.606199511054, 1.7555703997612
0,2,4021998.2665816327,4021985.9706632653,12298.365256796078,4108244.3397108843,4108230.538690476,13802.031058175224, 1.7468740185101828
0,3,3828961.329719388,3828949.7123724488,11616.41259765625,3931739.5586734693,3931725.138818027,14423.132703716252, 1.7197531859079997
0,4,3686045.633290816,3686033.40625,12234.470102738362,3758280.2468112246,3758265.9270833335,14317.404475413212, 1.7523556192715963
0,5,3590890.079719388,3590877.1670918367,12907.777049784758,3644500.136904762,3644485.243197279,14894.023442482461, 1.729155151049296
0,6,3509421.6977040814,3509408.2193877553,13476.314004703443,3558205.569727891,3558190.1666666665,15404.747550289647, 1.7265115618705749
0,7,3432820.1096938774,3432805.9477040814,14158.68939582669,3483641.774447279,3483625.789540816,15985.566299127073, 1.7884309490521748
0,8,2835234.4451530613,2835213.7551020407,20695.270515286193,3155912.275297619,3155893.9670493198,18306.006300322864, 1.7474675297737121
0,9,2519317.475765306,2519285.6766581633,31798.793491908484,2679711.6259566327,2679689.680272109,21945.82398374389, 1.773464854558309
0,10,2383253.794005102,2383158.7346938774,95055.69267989178,2464313.586734694,2464277.7334183673,35853.33207692257, 1.7573410987854003
0,11,2348459.8176020407,2347829.117984694,630698.7833606953,2390929.760097789,2390873.711522109,56048.443746346195, 1.7844731092453003
0,12,2320252.5031887754,2319820.163265306,432341.8270861567,2359937.326743197,2359867.1670918367,70160.37077819409, 1.7458897670110067
0,13,2292466.647959184,2292336.93622449,129708.4833249462,2339366.6170280613,2339285.849914966,80769.40327547035, 1.7619521697362264
0,14,2291324.5051020407,2290994.3584183673,330149.7892069914,2315988.45355017,2315925.7461734693,62707.074751873406, 1.766010304292043
0,15,2270287.21875,2270254.326530612,32891.693087830834,2305884.0178571427,2305848.292304422,35727.602303225976, 1.761601483821869
0,16,2266653.7378826533,2266613.619260204,40117.19307288345,2296923.4265518705,2296892.5038265307,30922.9020290245, 1.7294857541720072
0,17,2260430.72002551,2260411.8488520407,18870.78626671616,2291491.59332483,2291462.6162840137,28976.03254294882, 1.7563027302424112
0,18,2264112.2704081633,2264078.679209184,33594.78024852519,2285018.705888605,2284991.4791666665,27227.72105272773, 1.7472659707069398
0,19,2261752.7576530613,2261713.6371173467,39117.455856634646,2280875.8000637754,2280850.2520195576,25544.485775902158, 1.7713037292162577
0,20,2257324.9610969387,2257276.0414540814,48925.465863286234,2277789.024659864,2277764.5161564625,24507.281610398066, 1.7823561549186706
0,21,2249841.487244898,2249816.6977040814,24791.03425816127,2274595.2892219387,2274571.169217687,24118.90317582111, 1.7893685897191365
0,22,2248951.6696428573,2248915.7283163266,35939.73810997788,2268915.330569728,2268891.567814626,23761.23161720743, 1.755626384417216
0,23,2248228.0306122447,2248192.0599489794,35970.71556122449,2268738.9653486395,2268716.1018282315,22860.696695963543, 1.721722416083018
0,24,2248704.2149234693,2248655.695790816,48525.1021921586,2268620.816964286,2268598.5916241496,22226.52105256165, 1.7546464761098226
0,25,2242521.649234694,2242491.8373724488,29811.52882790079,2267062.017219388,2267040.360969388,21658.66268817097, 1.7427644769350688
0,26,2242370.25127551,2242345.0478316327,25201.807843266703,2262337.549744898,2262315.4092261903,22139.7670939958, 1.7521897236506143
0,27,2244800.10809949,2244763.595344388,36506.787585200094,2263503.3372661564,2263481.6241496596,21713.10592464525, 1.7649578968683879
0,28,2242409.7241709186,2242382.62372449,27102.80989417251,2261521.566857993,2261499.9059311226,21660.763736647, 1.7444263458251954
0,29,2241158.4036989794,2241123.6600765307,34740.13866315569,2263071.3311011903,2263049.801232993,21530.088310812607, 1.7392433087031047
0,30,2241135.8016581633,2241107.5210459186,28280.34012961874,2261619.251381803,2261598.1243622447,21126.209659498563, 1.798465073108673
0,31,2240931.583864796,2240906.3966836734,25186.74823184889,2260341.577912415,2260320.372130102,21206.132771809895, 1.756083885828654
0,32,2240865.059630102,2240830.8973214286,34166.50106001873,2258961.4212372447,2258940.234375,21185.744519292093, 1.7576027750968932
0,33,2243778.3475765307,2243731.7353316327,46616.79795743981,2259419.699192177,2259398.326530612,21370.041748046875, 1.7817270159721375
0,34,2237534.4633290814,2237516.5969387754,17863.53235984335,2260643.1116071427,2260621.8886054424,21222.43405628853, 1.7260333259900411
0,35,2239896.8456632653,2239865.0561224488,31792.071989721182,2259223.8839285714,2259202.62457483,21259.291483145993, 1.7587523261706035
0,36,2246033.4043367347,2245983.6683673467,49736.11297171457,2258564.6563562923,2258543.434842687,21217.595166679952, 1.7606279730796814
0,37,2233615.9043367347,2233587.4840561226,28420.906600017937,2256857.2194940476,2256837.0417729593,20177.140843397905, 1.7277786453564963
0,38,2229737.670280612,2229708.301020408,29365.429334368026,2250099.662414966,2250078.5408163266,21119.018714956685, 1.7447053710619609
0,39,2232005.2292729593,2231960.7688137754,44465.65349407585,2248081.9976615645,2248060.28082483,21715.037275457056, 1.7314768075942992
0,40,2225683.5873724488,2225662.8871173467,20703.68901902802,2244867.0265731295,2244845.8602253404,21165.372023809523, 1.7343690435091654
0,41,2221152.191645408,2221128.804209184,23385.409192143656,2239296.3971088436,2239275.873405612,20522.922030286725, 1.8164449016253152
0,42,2218601.8147321427,2218582.1103316327,19703.73777117048,2237200.1128826533,2237180.576318027,19534.087614928783, 1.8134066541989644
0,43,2215755.2321428573,2215730.7831632653,24448.96054762237,2232971.8121811226,2232951.548256803,20262.417991171078, 1.7479384620984395
0,44,2214067.3874362246,2214043.3816964286,24011.23294877033,2229181.2030187077,2229160.7718962585,20429.13160259221, 1.7574796239535013
0,45,2211933.921875,2211904.724489796,29192.569832938058,2226874.7109906464,2226855.550170068,19157.566939788612, 1.7511813163757324
0,46,2209096.4464285714,2209081.1014030613,15342.15736295739,2224358.5946003404,2224339.4647108843,19129.18494399713, 1.7895663619041442
0,47,2207195.3504464286,2207178.6897321427,16660.75400901327,2221765.529443027,2221746.8938137754,18631.231546622555, 1.723382059733073
0,48,2207205.3775510206,2207189.3641581633,16016.163373051857,2220005.5421981295,2219987.014562075,18529.182572345344, 1.7356731692949932
0,49,2199996.9764030613,2199974.76690051,22210.09107130401,2217914.191645408,2217895.425170068,18765.110454533376, 1.7849403063456217
0,50,2197688.5972576533,2197670.34375,18259.218228087135,2215178.2036564625,2215159.5459183673,18656.033705523227, 1.7703315099080403
0,51,2198545.9451530613,2198522.430165816,23512.927225541094,2213618.649128401,2213599.9708758504,18679.572662561117, 1.761018419265747
0,52,2199119.2551020407,2199104.6428571427,14616.234223034917,2212294.5673894556,2212276.026892007,18542.404474582803, 1.7512714346249898
0,53,2194862.93877551,2194838.967155612,23975.201391103317,2210343.7318239794,2210325.43622449,18293.51197783801, 2.177867118517558
0,54,2193237.4320790814,2193216.7283163266,20702.123850296954,2210189.489902211,2210171.400510204,18087.518655167147, 1.6782615145047506
0,55,2189584.1399872447,2189563.254464286,20884.006700165417,2206361.1082057822,2206343.237670068,17870.784643056442, 1.7500323136647542
0,56,2188720.2095025512,2188703.534119898,16678.03195128149,2203424.190582483,2203406.8555484693,17332.7822913345, 1.691431701183319
0,57,2186466.6699617347,2186441.366709184,25305.19073735451,2202799.487032313,2202781.8502338436,17633.539452792837, 1.71040327946345
0,58,2184749.494260204,2184723.1721938774,26325.193241664343,2202038.1522108843,2202020.312712585,17837.378749302454, 1.7799465298652648
0,59,2185472.76690051,2185450.685905612,22077.48320972676,2202538.413477891,2202520.1510416665,18262.88878231957, 1.7550577720006306
0,60,2184195.2691326533,2184176.245854592,19020.247573541135,2201832.392113095,2201814.3498086734,18042.70479495509, 1.7462940375010172
0,61,2181235.0564413266,2181217.988520408,17066.080800581953,2198803.359375,2198785.368197279,17992.398079593164, 1.73735115925471
0,62,2179012.6897321427,2178993.6100127553,19078.735318553692,2195937.4990433673,2195919.5188137754,17978.464803059895, 1.733884374300639
0,63,2178511.5784438774,2178493.5175382653,18059.016126360213,2193975.917729592,2193958.1742134355,17744.62215833599, 1.74619722366333
0,64,2178946.3262117347,2178930.160714286,16170.120394336935,2193597.4756590137,2193579.803465136,17671.71111271657, 1.749367614587148
0,65,2180837.5586734693,2180824.518494898,13040.0318310796,2192570.4948979593,2192552.860863095,17636.019439904867, 1.743718687693278
0,66,2177486.2477678573,2177464.4789540814,21770.06288551798,2192995.532844388,2192977.8136692178,17721.998971952064, 1.7353655457496644
0,67,2176975.4250637754,2176957.778380102,17641.39424538126,2192940.5905612246,2192922.8539540814,17736.477720922354, 1.7564010302225748
0,68,2175996.5573979593,2175975.011160714,21540.789216956313,2190319.6147959186,2190301.8726615645,17744.32738012197, 1.7514183203379312
0,69,2178778.3759566327,2178763.372130102,15003.800783741231,2193267.7182185375,2193250.052614796,17664.109306906357, 1.7442432006200155
0,70,2175494.8150510206,2175475.316645408,19499.07570788325,2191488.2754039117,2191470.5778061226,17699.479958047672, 1.7427456696828207
0,71,2175658.4948979593,2175638.8804209186,19615.049693827725,2191146.8746811226,2191129.1229804424,17751.137568259725, 1.7844681064287822
0,72,2175074.9454719387,2175053.849489796,21096.404795121172,2191244.6693239794,2191226.9537627553,17715.45910478449, 1.7573353091875712
0,73,2173966.3061224488,2173944.845344388,21460.808566969266,2192143.181335034,2192125.448554422,17734.33017279177, 1.7364646792411804
0,74,2172073.7069515307,2172056.6316964286,17076.44131158323,2192304.319834184,2192286.7190688774,17596.64952035502, 1.7263259331385294
0,75,2170119.8498086734,2170099.8957270407,19955.9819616201,2186498.2223639456,2186480.774659864,17446.273000704186, 1.7945141951243082
0,76,2166865.913265306,2166844.6565688774,21252.50411551339,2184705.443239796,2184688.1438137754,17298.060242944834, 1.7543550332387288
0,77,2165341.5245535714,2165321.039859694,20489.64790063975,2181736.0474064625,2181718.935905612,17108.34477638712, 1.7470994154612223
0,78,2161957.873405612,2161940.9413265307,16930.25070688676,2178805.0819515307,2178787.936437075,17151.2108810321, 1.7825165828069052
0,79,2162382.2193877553,2162366.3584183673,15860.38474071269,2176663.035501701,2176646.2575467685,16776.543182165446, 1.802560536066691
0,80,2156521.3115433673,2156502.785395408,18523.56260276327,2175298.4369685375,2175281.9524872447,16483.049166932396, 1.7685160716374715
0,81,2153676.4496173467,2153656.367984694,20077.206224714006,2171060.4277210883,2171044.072597789,16353.547722018495, 1.7039431850115458
0,82,2151360.9142219387,2151345.338010204,15573.267644765425,2168830.93877551,2168814.563881803,16373.264574530984, 1.7580952485402426
0,83,2149601.4212372447,2149586.6964285714,14725.901941416216,2165959.3944515307,2165943.3603316327,16031.390047034438, 1.7427893996238708
0,84,2147574.411989796,2147558.556760204,15850.171614043567,2163566.257334184,2163549.9725765307,16282.625588760895, 1.8010315577189127
0,85,2146281.7382015307,2146267.5095663266,14226.498768086336,2162380.8557610544,2162364.694302721,16160.540866981559, 1.7815237045288086
0,86,2141326.1667729593,2141311.6045918367,14563.956421521245,2160186.474383503,2160170.953337585,15522.161134473321, 1.7518070816993714
0,87,2142820.8290816327,2142807.7774234693,13060.986430888273,2159823.541560374,2159808.1712372447,15365.78354691486, 1.7512447913487752
0,88,2141234.4123086734,2141220.3220663266,14094.232522147042,2155686.3459821427,2155670.535395408,15807.518101283482, 1.7515710790952046
0,89,2136851.991390306,2136835.5905612246,16401.50827898298,2155025.221832483,2155009.3973214286,15827.15929843617, 1.750557533899943
0,90,2136812.613520408,2136799.6954719387,12916.552140839245,2152167.974064626,2152152.302508503,15672.597539162149, 1.769333553314209
0,91,2134502.3472576533,2134489.4170918367,12920.247982102997,2151624.8171768705,2151609.197491497,15619.80540497449, 1.7397043148676554
0,92,2133494.1935586734,2133480.398915816,13791.030460902623,2149096.4752338436,2149080.6061862246,15866.256178252552, 1.8074423869450886
0,93,2129866.982780612,2129850.9097576533,16069.719510448222,2148282.961947279,2148266.930697279,16032.680218132175, 1.7692830602327982
0,94,2128072.694515306,2128055.8887117347,16804.793736671916,2146403.0462372447,2146387.2037627553,15840.739163145727, 1.7963963270187377
0,95,2128387.526785714,2128373.1709183673,14358.059444505341,2145578.5914115645,2145562.776679422,15817.881098533164, 1.7439119656880697
0,96,2128510.1750637754,2128497.0031887754,13173.775646598971,2145410.3172831633,2145394.5788690476,15739.943988825999, 1.767359467347463
0,97,2128408.3896683673,2128395.0462372447,13344.614181207151,2143594.458758503,2143578.7008928573,15759.5595703125, 1.7324696818987528
0,98,2126000.551339286,2125985.5338010206,15021.865092997648,2143246.6536989794,2143231.0949192178,15556.496920008238, 1.7268956939379374
0,99,2125238.4620535714,2125221.4426020407,17016.927685173192,2142864.412202381,2142848.9553571427,15460.73474868463, 1.746935737133026
0,100,2124185.8019770407,2124171.025510204,14772.509193887516,2142774.111819728,2142758.7506377553,15362.248934583598, 1.81345268090566
0,101,2123913.509885204,2123897.8147321427,15696.865352708466,2141630.721619898,2141615.224489796,15494.315721991921, 1.7662457466125487
0,102,2124131.5800382653,2124115.355229592,16226.89351109096,2141464.732780612,2141449.301020408,15434.934294616283, 1.786558731396993
0,103,2122771.833864796,2122756.1999362246,15637.493160948461,2141500.0477253404,2141484.7844387754,15264.658107627816, 1.784275726477305
0,104,2125013.613839286,2125000.1355229593,13479.034793775909,2141424.9368622447,2141409.659332483,15278.274660694356, 1.8229567885398865
0,105,2124355.116390306,2124341.319834184,13793.517087975328,2142018.847682823,2142003.5701530613,15279.060434769612, 1.7483544945716858
0,106,2125568.9569515307,2125555.698979592,13258.099022067323,2140008.6572066327,2139993.365114796,15293.638149546929, 1.7857735951741536
0,107,2123458.904655612,2123444.998405612,13905.248337726203,2141667.5347576533,2141652.2734906464,15258.60009765625, 1.8158316453297934
0,108,2124798.8128188774,2124785.4371811226,13374.923148018974,2141259.7477678573,2141244.521258503,15223.335659312554, 1.7417671124140421
0,109,2124521.056760204,2124506.630739796,14426.358508674466,2140431.978422619,2140416.711522109,15273.629372110172, 1.7536800265312196
0,110,2121579.0491071427,2121562.507334184,16538.674193090323,2140080.3460884355,2140065.1152210883,15230.390086894133, 1.7437583804130554
0,111,2119663.589604592,2119648.164540816,15423.929162473094,2137266.241709184,2137250.6123511903,15630.510210724915, 1.7469858845074973
0,112,2119037.542410714,2119024.147640306,13396.543688715721,2134961.1753826533,2134945.627444728,15550.938653439891, 1.7476776202519735
0,113,2115189.0889668367,2115173.8172831633,15264.213548309948,2133459.8528911564,2133444.1881377553,15662.849989287708, 1.7526110291481019
0,114,2111928.714604592,2111913.0261479593,15688.636302091638,2131137.763818027,2131121.9692814625,15793.203800953976, 1.7715595602989196
0,115,2110006.2407525512,2109990.7206632653,15520.47399279536,2128381.0069090137,2128365.2294855444,15777.709935194782, 1.754397944609324
0,116,2106384.9556760206,2106367.3035714286,17652.353184291296,2124159.1314838436,2124143.2085459186,15924.747667377498, 1.7610844731330872
0,117,2102569.0886479593,2102552.2209821427,16868.87002501196,2121821.134034864,2121805.189944728,15940.919391242825, 1.7624287843704223
0,118,2099304.8998724488,2099290.6438137754,14255.638395348375,2120327.534119898,2120312.159119898,15372.968129683513, 1.7549092451731363
0,119,2099061.1144770407,2099048.490114796,12625.420105603276,2115253.1609268705,2115237.9043367347,15257.166893368676, 1.770538826783498
0,120,2092307.618622449,2092294.6951530613,12918.343484683912,2110947.185905612,2110931.9779974488,15206.672065163957, 1.7551113605499267
0,121,2088425.602997449,2088412.1297831633,13468.952071209344,2108734.023915816,2108719.0218962585,15001.478276466836, 1.7585155725479127
0,122,2085253.528380102,2085241.1077806123,12423.44037238919,2102253.626488095,2102238.7704081633,14852.42791042198, 1.7828629851341247
0,123,2076626.8265306123,2076611.509885204,15314.91594462492,2097934.3044217685,2097919.2848639456,15019.617805325255, 1.7568947434425355
0,124,2074102.7611607143,2074089.368622449,13394.592894262198,2095307.8174957484,2095293.027742347,14791.803989124946, 1.791940939426422
0,125,2071814.6367984693,2071801.2815688776,13352.229872100208,2090661.5733418367,2090646.8726615647,14698.095954739318, 1.7566027164459228
0,126,2070250.472257653,2070237.6339285714,12841.396658138354,2087767.8114370748,2087753.200042517,14610.670895946269, 1.7675665497779847
0,127,2065606.818239796,2065592.9684311224,13848.699411820393,2085032.4615221089,2085017.8990221089,14561.030900397269, 1.7859652598698934
0,128,2060630.9655612244,2060614.6055484693,16365.033380002391,2082209.253082483,2082194.5171130951,14736.519614291028, 1.7921757181485494
0,129,2054890.2831632653,2054874.3769132653,15907.301437689333,2079554.1210671768,2079539.1924957484,14928.055185746174, 1.749103061358134
0,130,2059465.556122449,2059451.497130102,14057.585382578325,2076199.2042942178,2076184.2198129252,14980.6634895169, 1.7438721577326457
0,131,2054595.6830357143,2054581.754145408,13928.921136350047,2074488.0297619049,2074472.9389880951,15089.84704922008, 1.7344354073206583
0,132,2064159.316645408,2064147.9540816327,11365.722073924784,2072559.4114583333,2072544.3353528911,15075.970593510841, 1.8047076106071471
0,133,2051380.9362244897,2051365.8163265307,15122.699335837851,2070092.3506590135,2070077.3085671768,15042.584545732356, 1.7514238794644674
0,134,2050026.497130102,2050012.685267857,13807.8562435228,2068500.027104592,2068485.019345238,15006.893003295068, 1.7405225475629171
0,135,2049926.9869260204,2049912.9151785714,14074.669769909917,2069073.4219812925,2069058.5396471089,14884.603316326531, 1.742692776521047
0,136,2052392.219387755,2052379.5586734693,12658.773007762675,2068151.6487032312,2068136.7504251702,14899.625683427668, 1.6475631276766458
0,137,2049295.0698341837,2049281.578762755,13489.03720777862,2065629.3669217688,2065614.6207482994,14743.274316904497, 1.8057101249694825
0,138,2043240.2426658163,2043223.7809311224,16464.482805524553,2064334.987244898,2064320.2237457484,14762.396068339445, 1.730863376458486
0,139,2052443.877232143,2052431.7908163266,12086.789263044086,2062971.912627551,2062957.1623086734,14751.419279967846, 1.7230246941248575
0,140,2045302.9795918367,2045288.8427933673,14137.539783711336,2063671.962159864,2063657.3113307822,14652.460348739105, 1.760973838965098
0,141,2042925.7362882653,2042910.4384566327,15299.582744987643,2064112.3926445579,2064097.7490433673,14642.707256291189, 1.7779224952061972
0,142,2045650.7213010204,2045637.587372449,13134.777311364,2064122.8365221089,2064108.2207695579,14618.312046595982, 1.7397539973258973
0,143,2041256.9620535714,2041242.5832270407,14377.63176493742,2064241.5399659865,2064226.884247449,14656.331189213966, 1.7846286336580912
0,144,2046854.093112245,2046841.0637755103,13026.882393350406,2061738.4554634353,2061723.8493835034,14606.483414215296, 1.7439473589261374
0,145,2045546.3826530613,2045532.573979592,13807.644995864557,2062827.1259566327,2062812.4868197278,14641.215311270993, 1.7747639457384745
0,146,2046442.3000637756,2046427.9690688776,14331.396998814174,2062484.0342261905,2062469.3545918367,14677.879532379358, 1.7642851273218791
0,147,2046106.2751913266,2046093.419005102,12859.454300860969,2062218.5205144559,2062203.8461947278,14674.009014103689, 1.755500336488088
0,148,2042219.5015943877,2042205.2235331633,14276.791384327169,2061938.7870960885,2061923.924744898,14863.08901500053, 1.7210005482037862
0,149,2039745.8376913266,2039730.546237245,15289.416236098932,2059962.8639455782,2059948.2798681974,14584.512594832855, 1.739355496565501
1,0,4454165.0924744895,4454157.220663265,7869.9347546635845,4465910.949829932,4465901.9294217685,9021.641884317203, 1.7926649848620098
1,1,4381719.146045919,4381709.906887755,9253.713462362484,4431550.506590136,4431540.2221513605,10283.817654356664, 1.7447256882985434
1,2,4114369.6779336734,4114356.9215561226,12749.623287278779,4263336.59162415,4263323.611819728,12984.496746452487, 1.7343326767285665
1,3,3925150.4343112246,3925133.9591836734,16479.87319136639,4020388.3964710883,4020370.941751701,17454.316190343325, 1.7378380378087361
1,4,3710385.4719387754,3710364.4974489794,20982.428549007494,3835834.2646683673,3835812.974489796,21292.63427900457, 1.7697551886240641
1,5,3457007.2761479593,3456984.306760204,22972.59933035714,3601905.0778061226,3601880.1866496596,24890.01994147268, 1.7459516604741414
1,6,3276707.4241071427,3276683.323979592,24106.729743801818,3388412.9024234693,3388385.048256803,27855.720782844386, 1.7599134167035422
1,7,3152966.90497449,3152935.4776785714,31424.903534558354,3239915.5856717685,3239885.048256803,30538.762045931653, 1.7420910398165386
1,8,2997726.5835459186,2997690.4272959186,36158.02021882972,3110274.017431973,3110240.693664966,33322.611715096195, 1.7253756602605184
1,9,2863815.6326530613,2863775.7506377553,39876.99732690928,2961425.163265306,2961388.305484694,36858.614164806546, 1.74144389629364
1,10,2795470.4719387754,2795412.1926020407,58283.71546157525,2860290.9980867347,2860250.8282312923,40169.57855349171, 1.7553179621696473
1,11,2729485.6297831633,2729431.4183673467,54209.92762725207,2791571.698767007,2791530.7961309524,40898.777994791664, 1.75752245982488
1,12,2672680.6568877553,2672634.5054209186,46149.48302973533,2735018.394770408,2734977.3443877553,41050.25180365115, 1.7285157879193624
1,13,2627649.1964285714,2627609.4652423467,39725.3831836934,2686529.5618622447,2686488.595131803,40967.236364663055, 1.721057375272115
1,14,2610311.8871173467,2610232.67059949,79213.60305723852,2649258.680484694,2649218.0500637754,40633.158905652104, 1.7547021428743999
1,15,2565413.767219388,2565367.3086734693,46460.25123066805,2617845.631590136,2617805.2793367347,40352.42500066433, 1.753567600250244
1,16,2535058.184630102,2535019.102040816,39083.08943020568,2588357.315157313,2588316.126806973,41190.737518933354, 1.7777033925056458
1,17,2523173.5599489794,2523119.7987882653,53757.54037039621,2568423.7745535714,2568383.0561224488,40716.63662906569, 1.7920051574707032
1,18,2511258.454719388,2511210.927614796,47530.19926110093,2549450.7335246596,2549409.3680909863,41360.29679195897, 1.722814400990804
1,19,2492523.555484694,2492470.623405612,52937.25660923549,2532498.6884566327,2532456.6999362246,41987.438089591305, 1.766778564453125
1,20,2490991.3867984693,2490894.232780612,97154.22805474729,2520721.371279762,2520678.473320578,42900.32505746439, 1.731646200021108
1,21,2463291.3440688774,2463251.1967474488,40141.937482561385,2509786.8274872447,2509743.893388605,42937.44804122821, 1.7540929834047954
1,22,2459223.2959183673,2459183.7063137754,39590.55376823581,2499906.118409864,2499863.022427721,43095.595713089926, 1.713658372561137
1,23,2451684.4352678573,2451624.772959184,59656.918995137115,2491562.541347789,2491518.805272109,43737.18795008238, 1.761912190914154
1,24,2444050.7098214286,2443993.8970025512,56818.978991450094,2484957.860756803,2484913.981505102,43877.87325115593, 1.7867482026418051
1,25,2445319.042729592,2445248.8574617347,70186.90236617108,2479305.243197279,2479261.4071003404,43836.793350738735, 1.7010291298230489
1,26,2446114.9368622447,2446010.465880102,104462.7754703444,2475286.5577168367,2475242.522959184,44038.23096865699, 1.7466963410377503
1,27,2426652.56377551,2426608.120535714,44438.48320163026,2469627.082589286,2469583.036564626,44049.528936476934, 1.7660148739814758
1,28,2424432.9084821427,2424377.1119260206,55793.89602598852,2465889.75042517,2465845.352253401,44396.2217195472, 1.744705112775167
1,29,2429561.9996811226,2429492.741390306,69257.57047193877,2462220.8543792516,2462175.6110756802,45242.561883835566, 1.7319319725036622
1,30,2429855.5019132653,2429791.0717474488,64432.45136868224,2461553.7098214286,2461508.9351615645,44780.14276911937, 1.7818198084831238
1,31,2421390.772959184,2421329.870535714,60905.73369738521,2460226.4882015307,2460181.2493622447,45241.12031648597, 1.731197996934255
1,32,2427395.4492984693,2427313.328125,82116.96953972019,2458624.5663265307,2458578.8929634355,45673.577306215455, 1.7394485314687094
1,33,2430055.5516581633,2429971.2930484693,84251.38515176579,2456102.3118622447,2456056.941751701,45372.79175469016, 1.7257140040397645
1,34,2430404.2366071427,2430288.1664540814,116065.4372658243,2455793.168792517,2455747.5418792516,45627.27457848374, 1.7902816653251648
1,35,2421051.3542729593,2420997.6173469387,53738.951837033645,2457240.9415391157,2457195.4863945576,45450.26529615752, 1.661722513039907
1,36,2424814.8271683673,2424720.8469387754,93978.18510841837,2455777.681972789,2455731.8610756802,45816.68136326796, 1.7945460279782612
1,37,2409869.238520408,2409780.728635204,88507.23635552854,2447716.1766581633,2447669.5957695576,46579.815668845666, 1.7516337394714356
1,38,2387635.7184311226,2387555.444834184,80276.68496641821,2427446.4791666665,2427399.0646258504,47412.222787454826, 1.7562228679656982
1,39,2353098.8411989794,2353036.183354592,62654.698481345666,2408460.652954932,2408411.3484268705,49303.3583818293, 1.7521013418833415
1,40,2068106.218112245,2068038.787627551,67426.17091338488,2286004.355654762,2285952.400085034,51953.97945897109, 1.7700867811838785
1,41,1840821.215880102,1840744.7949617347,76418.82723313935,1984400.2826318026,1984339.2203443877,61063.22673522534, 1.7881092747052512
1,42,1805529.871492347,1805438.301020408,91570.09847835619,1879041.0687712585,1878981.105867347,59962.69741177721, 1.7311934073766073
1,43,1773115.943877551,1773039.0481505103,76896.01680584344,1842284.4862882653,1842224.6181972788,59870.30658083546, 1.7495599786440532
1,44,1787402.6871811224,1787284.262755102,118426.16180046237,1825341.595982143,1825278.9541879252,62642.95918865593, 1.722201164563497
1,45,1765066.8985969387,1764950.159119898,116738.73315927933,1808436.2517006802,1808372.0634566327,64187.23011001275, 1.8063655018806457
1,46,1748533.396364796,1748422.720982143,110672.90458585777,1787372.884034864,1787307.1738945579,65710.70885317017, 1.7348116834958394
1,47,1726369.2063137756,1726290.8313137756,78372.45160036671,1776847.531887755,1776779.818877551,67712.90458917942, 1.7485106507937114
1,48,1805857.2758290817,1805739.8973214286,117380.38412288744,1765903.712159864,1765835.9110331633,67799.14805551126, 1.7422662297884624
1,49,1727924.7659438776,1727805.409119898,119357.26258569834,1757377.913265306,1757309.189732143,68721.94203071854, 1.7307389656702676
1,50,1738093.5848214286,1737949.7270408163,143857.81589305645,1752399.4546130951,1752330.403380102,69048.60039328231, 1.7281189163525899
1,51,1717577.3526785714,1717454.362244898,122988.95055404975,1746716.3645833333,1746645.2120535714,71152.46643149447, 1.7258668065071106
1,52,1719286.9451530613,1719163.910395408,123032.2367715641,1738362.8405612244,1738290.4272959183,72412.70711761266, 1.7879756609598796
1,53,1705881.4604591837,1705776.441007653,105019.13686822385,1734906.7482993198,1734834.1522108843,72597.83397441008, 1.7837156812349955
1,54,1696194.0038265307,1696090.1119260204,103890.36779037787,1732534.4312287415,1732459.9215561224,74511.5346480389, 1.7712250272432963
1,55,1699446.3954081633,1699320.2410714286,126153.5188934949,1727400.121492347,1727325.856079932,74265.03317655186, 1.7288274963696797
1,56,1681920.4569515307,1681828.6686862244,91788.23035913584,1726244.4517431974,1726168.5507015307,75901.69897959183, 1.7601418614387512
1,57,1718027.975127551,1717854.6010841837,173373.05864855708,1723121.1542304421,1723045.0975765307,76056.12839471726, 1.7528551777203878
1,58,1692510.3641581633,1692390.1808035714,120184.89566725127,1726877.2676445579,1726800.9648171768,76302.88366616178, 1.757940936088562
1,59,1716666.957270408,1716495.0379464286,171918.43552694516,1723936.8143069728,1723860.2260841837,76586.77930351828, 1.7536185105641684
1,60,1681836.3278061224,1681734.871492347,101455.21448501275,1718548.1337159865,1718469.6039540817,78529.57231544962, 1.7392844239870706
1,61,1689041.4674744897,1688925.6329719387,115834.0214046556,1715659.0487882653,1715579.7009991496,79346.83999322385, 1.7707407474517822
1,62,1679245.0165816327,1679150.219387755,94796.08198142538,1716943.0638818026,1716863.7081207484,79353.87970344388, 1.7401593486467997
1,63,1667776.647002551,1667691.553890306,85093.8545719069,1710904.6724064625,1710825.7129039115,78961.03010735544, 1.7706672906875611
1,64,1707949.357142857,1707790.912627551,158446.4400410555,1716433.1789965986,1716354.7801870748,78399.31937911884, 1.7771188179651896
1,65,1692687.247130102,1692556.8421556123,130406.71559111925,1713285.9231505103,1713207.0940688776,78827.5523955676, 1.735043219725291
1,66,1657774.8427933673,1657693.428890306,81414.33386479592,1715288.4992559524,1715209.277104592,79222.9230940423, 1.7309118429819743
1,67,1701401.2085459183,1701243.6080994897,157602.033203125,1711095.0621811224,1711015.5751488095,79489.78355189732, 1.7682823618253072
1,68,1676773.716517857,1676671.391262755,102324.51264548788,1707762.1869685375,1707682.3839285714,79803.5674957483, 1.7507301608721415
1,69,1676652.8070790817,1676549.931760204,102875.26054288902,1711146.7012117347,1711066.621279762,80078.62119672088, 1.7781023343404134
1,70,1704855.6546556123,1704708.084502551,147571.3211595185,1709712.074404762,1709631.6319090135,80442.45482235863, 1.7759232640266418
1,71,1701192.8294005103,1701060.9094387756,131919.83297791774,1710123.0260416667,1710043.7974064625,79228.71023663372, 1.743115448951721
1,72,1689975.0478316327,1689845.725127551,129323.87233936544,1709536.8696853742,1709457.8199404762,79049.71120655294, 1.6489126642545064
1,73,1716267.4375,1716073.175382653,194263.58849848533,1710557.825255102,1710477.9081632653,79916.55469746492, 1.7558229287465414
1,74,1664789.821109694,1664694.297512755,95525.56594786352,1708703.6840986395,1708623.422512755,80262.88873166454, 1.7494092504183452
1,75,1685404.6830357143,1685281.256377551,123421.62587691327,1708902.136904762,1708820.224702381,81912.99103156888, 1.754567571481069
1,76,1708645.5762117347,1708487.6814413266,157893.62367466517,1703986.7589285714,1703902.6580569728,84100.1745622077, 1.7470768292744954
1,77,1675628.6613520407,1675475.9072066327,152752.0411053093,1698817.1832482994,1698730.6260629252,86557.11967208759, 1.7965866367022196
1,78,1651903.6890943877,1651804.750637755,98938.0818219866,1695153.736607143,1695067.9664115647,85769.60068558673, 1.7555654525756836
1,79,1701641.0047831633,1701456.5918367347,184410.52948620854,1696040.3821215986,1695953.8357780613,86546.93638725021, 1.7782969991366069
1,80,1669472.877869898,1669350.2299107143,122646.535026706,1691743.3149447278,1691655.0195578232,88294.75602213542, 1.7386409958203635
1,81,1686656.6297831633,1686494.375637755,162250.0287886639,1690139.2646683673,1690048.3740433673,90887.83000837054, 1.797361962000529
1,82,1649981.5762117347,1649867.605229592,113972.91977240115,1690450.5031887756,1690359.3623511905,91140.89655412946, 1.7590747157732645
1,83,1637807.2034438776,1637688.2547831633,118950.39469068877,1685004.539859694,1684909.9414328232,94598.2257320897, 1.7627855261166891
1,84,1683755.0634566327,1683580.672512755,174394.0442841199,1684225.3576743198,1684130.6798469387,94680.48687287416, 1.761749807993571
1,85,1660656.571747449,1660503.3013392857,153272.77532087054,1675738.8025085034,1675643.9664115647,94836.17701357887, 1.7681314071019492
1,86,1653918.8242984693,1653776.3227040817,142501.85363520408,1674567.952912415,1674469.5362457484,98415.228515625, 1.7624428192774455
1,87,1661283.1785714286,1661127.6986607143,155478.7145448023,1674032.525510204,1673933.449617347,99075.14099370217, 1.7714576323827107
fold,epoch,val_loss,val_auc,tr_auc, train_loss, time
0,0,4468647.165816327,4468647.165816327,6801.347894162548,4471007.142006802,4471007.142006802,8796.801901058276, 1.7953062216440836
0,1,4462256.734056123,4462256.734056123,7091.037850516183,4465387.545068027,4465387.545068027,9094.874005583679, 1.728570826848348
0,2,4446381.736607143,4446381.736607143,8432.637656698422,4455866.634353741,4455866.634353741,9924.779446348852, 1.6337544759114584
0,3,4383406.603316327,4383406.603316327,12002.13504090601,4423229.008928572,4423229.008928572,11746.400348274075, 1.7882591366767884
0,4,4237991.545280612,4237991.545280612,16480.519431600766,4322503.803571428,4322503.803571428,15727.254778180804, 1.7596080621083579
0,5,4084111.4553571427,4084111.4553571427,19946.263808892698,4165648.007015306,4165648.007015306,20790.896388877816, 1.7828831315040587
0,6,3920847.5280612246,3920847.5280612246,24613.10187888632,4008269.7508503404,4008269.7508503404,25005.897842095823, 1.7962422569592793
0,7,3757809.2480867347,3757809.2480867347,28987.157002351723,3846763.477253401,3846763.477253401,29034.39897560587, 1.7696001291275025
0,8,3621721.0191326533,3621721.0191326533,33952.85618871572,3698913.5665391157,3698913.5665391157,33200.20042284492, 1.7794211983680726
0,9,3531584.5216836734,3531584.5216836734,41906.79864377392,3585617.4013605444,3585617.4013605444,38292.81502776892, 1.7584299405415853
0,10,3471345.651785714,3471345.651785714,72861.45246233259,3507202.4381377553,3507202.4381377553,43134.81952527104, 1.7692269881566365
0,11,3424552.2468112246,3424552.2468112246,66434.9078643176,3455398.876062925,3455398.876062925,49639.39619040976, 1.7748076399167378
0,12,3396546.59247449,3396546.59247449,73125.63701520648,3420854.2217261903,3420854.2217261903,52772.04782498937, 1.764909772078196
0,13,3384968.6128826533,3384968.6128826533,65636.26308145329,3403274.2906037415,3403274.2906037415,55931.701416015625, 1.7511927803357443
0,14,3387488.755739796,3387488.755739796,118893.26619050941,3397178.4959608843,3397178.4959608843,56783.91500418527, 1.7469897588094077
0,15,3132011.8290816327,3132011.8290816327,260569.3088104871,3270622.8359906464,3270622.8359906464,86397.45124827274, 1.7921208302179972
0,16,2953409.4285714286,2953409.4285714286,83566.31384028221,3057210.754464286,3057210.754464286,108094.49468371333, 1.6742424329121908
0,17,2859387.1543367347,2859387.1543367347,94599.60762864717,2925661.303996599,2925661.303996599,92425.43648191699, 1.7456337173779806
0,18,2790766.7213010206,2790766.7213010206,151614.540756537,2839680.393282313,2839680.393282313,82388.36662448183, 1.7512330492337544
0,19,2724605.075255102,2724605.075255102,174022.23950693558,2770128.7157738097,2770128.7157738097,74393.18850479645, 1.7880018711090089
0,20,2669495.395089286,2669495.395089286,116826.95018534758,2712253.59247449,2712253.59247449,68508.92438948236, 1.765384833017985
0,21,2629626.1144770407,2629626.1144770407,99968.03491210938,2669073.410182823,2669073.410182823,66390.34186662946, 1.760981015364329
0,22,2599409.4952168367,2599409.4952168367,75575.87791224888,2636645.8269557822,2636645.8269557822,63428.035940157315, 1.7975180228551229
0,23,2578164.4059311226,2578164.4059311226,75251.51010194117,2610175.0331632653,2610175.0331632653,62092.87688337053, 1.7559525807698568
0,24,2556345.596619898,2556345.596619898,72246.32662527902,2590970.6084183673,2590970.6084183673,61608.70020859907, 1.7538568377494812
0,25,2553945.9722576533,2553945.9722576533,108103.91149653221,2579677.204613095,2579677.204613095,59934.26192303093, 1.7984329462051392
0,26,2552544.7477678573,2552544.7477678573,117447.24281778141,2571739.325042517,2571739.325042517,58214.25576470823, 1.8019106030464171
0,27,2542824.7531887754,2542824.7531887754,75443.83428581394,2566480.5248724488,2566480.5248724488,58800.361710113735, 1.7651326696077982
0,28,2535479.0720663266,2535479.0720663266,68151.21632603237,2563494.2960246596,2563494.2960246596,57282.65650576637, 1.7484405557314555
0,29,2545350.9378188774,2545350.9378188774,102043.67398507254,2562363.492665816,2562363.492665816,58429.55194382441, 1.749712864557902
0,30,2505560.3759566327,2505560.3759566327,81194.52157904177,2544529.5148809524,2544529.5148809524,57930.63407472364, 1.753030534585317
0,31,2472754.069834184,2472754.069834184,83012.29168825733,2509956.9768282315,2509956.9768282315,57154.06130753083, 1.7696677049001057
0,32,2446794.2311862246,2446794.2311862246,88869.72523716518,2480876.5414540814,2480876.5414540814,56479.6151297433, 1.782096513112386
0,33,2418514.948979592,2418514.948979592,80551.18803810587,2454086.058142007,2454086.058142007,55169.686430431546, 1.7711436986923217
0,34,2392424.6246811226,2392424.6246811226,73695.01460857781,2429467.147746599,2429467.147746599,55649.82552913744, 1.7768534421920776
0,35,2371705.1071428573,2371705.1071428573,63527.16451092155,2409675.3738307822,2409675.3738307822,55507.57730455464, 1.766476531823476
0,36,2365181.4492984693,2365181.4492984693,77744.9773945711,2392707.753932823,2392707.753932823,55160.79608777104, 1.7988168358802796
0,37,2351637.451530612,2351637.451530612,102379.66726124044,2377925.2037627553,2377925.2037627553,56501.96277436756, 1.769188384215037
0,38,2336774.4811862246,2336774.4811862246,68309.28380600287,2368062.596194728,2368062.596194728,56524.9580244207, 1.7496460199356079
0,39,2342315.1524234693,2342315.1524234693,106935.86280791613,2360254.6144770407,2360254.6144770407,56213.194895634035, 1.7416497071584065
0,40,2326436.3657525512,2326436.3657525512,72481.29119499362,2353650.8489583335,2353650.8489583335,57557.43302741018, 1.7673900524775188
0,41,2328754.248405612,2328754.248405612,94797.82702885842,2350572.2593537415,2350572.2593537415,58054.36312181123, 1.755089263121287
0,42,2320505.0251913266,2320505.0251913266,88372.18591059471,2347135.1298894556,2347135.1298894556,57838.92749189519, 1.7655115087827047
0,43,2327602.0784438774,2327602.0784438774,115808.05783143335,2345958.3645833335,2345958.3645833335,57767.31080098055, 1.7362892707188924
0,44,2326497.8093112246,2326497.8093112246,106250.77465322067,2345311.2782738097,2345311.2782738097,57788.19275483631, 1.7363862673441568
0,45,2311208.271364796,2311208.271364796,103970.63915019133,2338234.4844812923,2338234.4844812923,58401.966375026575, 1.762051554520925
0,46,2292397.6782525512,2292397.6782525512,88605.58004324777,2323837.893707483,2323837.893707483,59275.90020129146, 1.7503812352816264
0,47,2275275.1967474488,2275275.1967474488,85458.96253188775,2308362.7677508504,2308362.7677508504,60935.92327008928, 1.7609148939450583
0,48,2268546.3600127553,2268546.3600127553,117261.03278958067,2294362.3037840137,2294362.3037840137,61851.96073487989, 1.7512272000312805
0,49,2255825.2971938774,2255825.2971938774,145363.39773995537,2280906.371704932,2280906.371704932,63922.87234268708, 1.765707794825236
0,50,2243958.8966836734,2243958.8966836734,131654.17941844708,2271621.1894132653,2271621.1894132653,64824.743931361605, 1.7788427352905274
0,51,2230199.973214286,2230199.973214286,101915.0379563935,2262174.6358418367,2262174.6358418367,65792.79320126488, 1.7407215674718222
0,52,2226438.803890306,2226438.803890306,117972.65049027423,2254181.6342474488,2254181.6342474488,66592.16895195578, 1.749442986647288
0,53,2219419.5927933673,2219419.5927933673,111989.94347397162,2249146.3827593536,2249146.3827593536,67262.16301618304, 1.7596415479977925
0,54,2222146.8852040814,2222146.8852040814,114999.13414779975,2243964.2291666665,2243964.2291666665,68405.14727160396, 1.7623676697413126
0,55,2212715.2340561226,2212715.2340561226,115653.36242426658,2239602.549638605,2239602.549638605,69299.62314652423, 1.6624873757362366
0,56,2210624.1457270407,2210624.1457270407,115524.03378607302,2236601.4139030613,2236601.4139030613,69405.26132679635, 1.7647586941719056
0,57,2215721.409119898,2215721.409119898,156275.81759207588,2235797.713116497,2235797.713116497,69762.95053744155, 1.7383253892262778
0,58,2197115.3258928573,2197115.3258928573,84655.71382732781,2234397.186011905,2234397.186011905,70187.1763625372, 1.7641416231791178
0,59,2203159.3058035714,2203159.3058035714,92409.21321448502,2231547.370642007,2231547.370642007,70871.98198341837, 1.7433698415756225
0,60,2105027.052614796,2105027.052614796,139168.71749441963,2214189.8159013605,2214189.8159013605,73295.00769624257, 1.7811527212460836
0,61,1778759.8861607143,1778759.8861607143,127566.26295938298,1935805.0295493198,1935805.0295493198,87157.75377006271, 1.782782292366028
0,62,1660822.181760204,1660822.181760204,99415.11184630102,1755843.561862245,1755843.561862245,91257.19442562181, 1.8078152139981587
0,63,1649259.7576530613,1649259.7576530613,119403.01293447067,1697706.3477891157,1697706.3477891157,93787.30667716305, 1.7373972455660502
0,64,1620469.3086734693,1620469.3086734693,123568.84459203604,1674573.2015306123,1674573.2015306123,96201.14244193771, 1.7798476099967957
0,65,1630654.9237882653,1630654.9237882653,174663.2254962532,1656341.137755102,1656341.137755102,97075.23329878827, 1.7368653019269307
0,66,1595680.0860969387,1595680.0860969387,108321.2242705676,1648445.147215136,1648445.147215136,98748.04534372342, 1.7635653098424275
0,67,1615673.4030612244,1615673.4030612244,128693.493881537,1641648.3444940476,1641648.3444940476,98026.01396417942, 1.7517460266749063
0,68,1637772.933992347,1637772.933992347,201073.99805683992,1635309.3346088436,1635309.3346088436,98361.62184111925, 1.7728264411290486
0,69,1599972.5870535714,1599972.5870535714,113403.78054249044,1632275.3033588436,1632275.3033588436,100273.20431746918, 1.7612727165222168
0,70,1597024.6473214286,1597024.6473214286,125501.38971819196,1629842.1879251702,1629842.1879251702,100362.2306946216, 1.7286535223325095
0,71,1606693.362244898,1606693.362244898,156611.273826132,1626231.605229592,1626231.605229592,101443.2263200202, 1.7335211634635925
0,72,1606910.262117347,1606910.262117347,152827.99552574937,1628293.0225340135,1628293.0225340135,101169.4940442974, 1.767024294535319
0,73,1611972.744260204,1611972.744260204,169148.24705038266,1627215.6242559524,1627215.6242559524,100717.14109999468, 1.7587604959805807
0,74,1607057.819515306,1607057.819515306,157525.43064413266,1625765.441220238,1625765.441220238,101312.87349529656, 1.7579920490582783
0,75,1600678.9486607143,1600678.9486607143,135526.226173868,1626180.1667729593,1626180.1667729593,101880.6015060321, 1.7772552371025085
0,76,1575779.1345663266,1575779.1345663266,126127.86848294004,1620225.3956207484,1620225.3956207484,102506.02319169855, 1.7563277244567872
0,77,1630912.250637755,1630912.250637755,188666.83028738838,1616411.793792517,1616411.793792517,104094.22689798576, 1.801433304945628
0,78,1571322.241390306,1571322.241390306,140778.43732063138,1612509.4960671768,1612509.4960671768,106239.5830410289, 1.7897019227345785
0,79,1602772.571109694,1602772.571109694,159716.3157286352,1607422.2153486395,1607422.2153486395,109063.4288072651, 1.7613730430603027
0,80,1614146.963010204,1614146.963010204,171583.14052535075,1607177.818239796,1607177.818239796,109459.80539833121, 1.7597249269485473
0,81,1575927.105867347,1575927.105867347,155668.6719646843,1603996.4551445579,1603996.4551445579,111491.38926312713, 1.7695525487263997
0,82,1579378.550382653,1579378.550382653,147056.3821747449,1599569.669642857,1599569.669642857,112813.0727904443, 1.792579424381256
0,83,1602305.581632653,1602305.581632653,181185.5150669643,1600291.0109481292,1600291.0109481292,112589.57286019876, 1.7254241188367208
0,84,1566495.2369260204,1566495.2369260204,120998.28712930485,1599016.4335671768,1599016.4335671768,112679.53676392432, 1.7438273509343465
0,85,1554008.7346938776,1554008.7346938776,115215.8717713648,1596292.8636267006,1596292.8636267006,112766.59203603317, 1.7699597438176473
0,86,1574572.7487244897,1574572.7487244897,146586.24145009567,1598417.6115008504,1598417.6115008504,112945.81647932611, 1.7441949804623922
0,87,1601311.2665816327,1601311.2665816327,175806.08425342792,1595535.027742347,1595535.027742347,113275.01250265731, 1.7498106996218363
0,88,1558320.5408163266,1558320.5408163266,123088.13293207908,1596341.9519557822,1596341.9519557822,113737.42213740965, 1.6932299216588338
0,89,1569260.8058035714,1569260.8058035714,162976.27614795917,1598191.2199192178,1598191.2199192178,112874.23899208121, 1.7875670671463013
0,90,1581887.301020408,1581887.301020408,161864.38464604592,1594895.231292517,1594895.231292517,115387.02169031675, 1.787056569258372
0,91,1596971.9359056123,1596971.9359056123,205144.58006816008,1593439.0443239796,1593439.0443239796,116296.86571933462, 1.765085776646932
0,92,1600867.2295918367,1600867.2295918367,218426.81193199937,1590981.6744260204,1590981.6744260204,116134.77458678784, 1.7647215763727824
0,93,1567758.4483418367,1567758.4483418367,154322.07966956313,1588143.5082908163,1588143.5082908163,118857.79355335885, 1.749620791276296
0,94,1574128.0615433673,1574128.0615433673,157948.8682936065,1589238.100340136,1589238.100340136,119843.10774739583, 1.749644672870636
0,95,1566452.4295280613,1566452.4295280613,179562.078643176,1583794.552827381,1583794.552827381,123368.0996890944, 1.7554752071698507
0,96,1545062.8080357143,1545062.8080357143,149658.09477638712,1581068.5831207484,1581068.5831207484,125095.12578390731, 1.665019162495931
0,97,1557556.6801658163,1557556.6801658163,156147.4383071588,1582076.931335034,1582076.931335034,124318.26446242559, 1.7912662029266357
0,98,1586290.0239158163,1586290.0239158163,191588.09831393496,1578343.511904762,1578343.511904762,124766.58025085034, 1.7440013408660888
0,99,1547922.3498086734,1547922.3498086734,157857.97272600446,1578211.4362244897,1578211.4362244897,125195.42751514669, 1.785917095343272
0,100,1556515.983737245,1556515.983737245,173149.45908402425,1578545.7612670069,1578545.7612670069,125586.770919696, 1.744765285650889
0,101,1546796.0819515307,1546796.0819515307,147488.43845663266,1579797.7945365647,1579797.7945365647,124905.85497050383, 1.743753202756246
0,102,1527601.8453443877,1527601.8453443877,127229.3663803412,1577961.1141581633,1577961.1141581633,125565.1708984375, 1.7439641276995341
0,103,1529027.555484694,1529027.555484694,126459.48224250638,1577351.6796343538,1577351.6796343538,125544.82087053571, 1.7540977478027344
0,104,1565282.5790816327,1565282.5790816327,193936.45385243942,1576179.568452381,1576179.568452381,126315.82933407738, 1.7731460014979044
0,105,1557941.5286989796,1557941.5286989796,186076.410026706,1578401.8999255951,1578401.8999255951,128138.25263738308, 1.7552742560704548
0,106,1540167.2484056123,1540167.2484056123,158376.72388193558,1580424.860012755,1580424.860012755,128840.156509088, 1.7651111920674643
0,107,1538318.646364796,1538318.646364796,159160.31099529655,1574596.2560586734,1574596.2560586734,129663.76215720663, 1.7584008733431498
0,108,1531997.5500637756,1531997.5500637756,149650.456642618,1575101.7223639456,1575101.7223639456,130034.74287840136, 1.7540695627530416
0,109,1537823.475765306,1537823.475765306,152439.29887794962,1569120.9719387756,1569120.9719387756,131399.1358551233, 1.7688382426897684
0,110,1554336.025510204,1554336.025510204,178726.21296037946,1569469.659757653,1569469.659757653,132623.52901121386, 1.7548291365305582
0,111,1516839.752869898,1516839.752869898,125957.84918088329,1569931.0755739796,1569931.0755739796,132108.8075507547, 1.7899255394935607
0,112,1542003.2283163266,1542003.2283163266,149642.8973712532,1564508.9612032312,1564508.9612032312,132826.5735079188, 1.7595237334569296
0,113,1554335.2063137756,1554335.2063137756,196540.79859893175,1565712.3793579931,1565712.3793579931,133495.4166600234, 1.7811060269673666
0,114,1555385.155612245,1555385.155612245,182759.6999362245,1564105.541347789,1564105.541347789,134110.47069648173, 1.7588219006856283
0,115,1583772.522640306,1583772.522640306,262880.0149872449,1564389.6381802722,1564389.6381802722,134725.27003613947, 1.763708233833313
0,116,1558068.4856505103,1558068.4856505103,183657.9109634088,1563461.9295812075,1563461.9295812075,134616.41806175595, 1.7411579330762228
0,117,1557669.110012755,1557669.110012755,191313.53960060587,1561506.9201743198,1561506.9201743198,134651.34631430698, 1.7551693081855775
0,118,1547523.1785714286,1547523.1785714286,188804.67367865116,1563234.9271896258,1563234.9271896258,134870.68129517432, 1.7708738605181376
0,119,1539107.4862882653,1539107.4862882653,160626.0074338329,1561915.4175170069,1561915.4175170069,134329.73439492984, 1.7438384970029195
0,120,1538717.5449617347,1538717.5449617347,173765.62077487246,1566209.0864158163,1566209.0864158163,136587.56699750212, 1.7605767170588176
0,121,1525161.7126913266,1525161.7126913266,157070.53734853317,1562041.029017857,1562041.029017857,138835.7344414328, 1.7346255699793498
0,122,1507686.1855867347,1507686.1855867347,127961.34470663265,1560831.825839711,1560831.825839711,140620.28736181973, 1.7625832915306092
0,123,1514826.7786989796,1514826.7786989796,141158.0009367028,1562604.9972363946,1562604.9972363946,141257.06033428997, 1.7674087683359783
0,124,1528996.8855229593,1528996.8855229593,172329.96922831633,1558534.4613095238,1558534.4613095238,141609.06390173256, 1.755400009950002
0,125,1512703.769770408,1512703.769770408,141768.3932557398,1557522.6896258504,1557522.6896258504,142153.74542277848, 1.8061291297276816
0,126,1522402.4107142857,1522402.4107142857,179177.7271603954,1554021.222257653,1554021.222257653,142376.06774819302, 1.8026134729385377
0,127,1516457.9512117347,1516457.9512117347,157633.3296994579,1555373.8576743198,1555373.8576743198,141478.78138286565, 1.7647294878959656
0,128,1518931.1316964286,1518931.1316964286,149012.13173628825,1555921.6637967688,1555921.6637967688,141969.1974250638, 1.7876522580782572
0,129,1532467.5516581633,1532467.5516581633,213902.26709980867,1555148.4257015307,1555148.4257015307,142582.48521205358, 1.7887327353159586
0,130,1529166.644132653,1529166.644132653,175704.97973134567,1554545.830197704,1554545.830197704,143193.36930670706, 1.7617602348327637
0,131,1507461.8482142857,1507461.8482142857,141842.35792012117,1550697.768282313,1550697.768282313,144360.50014615222, 1.7669335047403971
0,132,1586819.7439413266,1586819.7439413266,265902.59737723216,1551969.7285289115,1551969.7285289115,144417.77037494685, 1.769515577952067
0,133,1504851.4725765307,1504851.4725765307,135339.63976801658,1550621.4834183673,1550621.4834183673,144547.3156954188, 1.7796444217363994
0,134,1519433.9406887756,1519433.9406887756,152850.83420360333,1551575.8542729593,1551575.8542729593,144555.86313509778, 1.7828168153762818
0,135,1524371.662627551,1524371.662627551,170232.28653140945,1556827.9463222788,1556827.9463222788,146228.41798867984, 1.7929391543070474
0,136,1503294.2786989796,1503294.2786989796,143059.60371492346,1553390.5783907312,1553390.5783907312,146760.79865539967, 1.7743778149286906
0,137,1520953.3810586734,1520953.3810586734,173192.7052375638,1549867.0961947278,1549867.0961947278,148530.15285528274, 1.790905757745107
0,138,1496515.5924744897,1496515.5924744897,135983.78691007654,1549879.4447278911,1549879.4447278911,147917.04258343962, 1.800641942024231
0,139,1505983.5175382653,1505983.5175382653,153356.33697385204,1548405.441220238,1548405.441220238,149365.7537933142, 1.754537045955658
0,140,1512088.803252551,1512088.803252551,186507.35239955358,1546687.4809736395,1546687.4809736395,150720.4270501169, 1.804615867137909
0,141,1501191.9330357143,1501191.9330357143,167458.7223174426,1545320.7012117347,1545320.7012117347,152698.75855654763, 1.7336697975794475
0,142,1556401.8938137756,1556401.8938137756,307341.4558753189,1546891.353210034,1546891.353210034,151245.6598639456, 1.7127546509106955
0,143,1517284.4024234693,1517284.4024234693,230152.23349808675,1544579.1109693877,1544579.1109693877,151879.02255394345, 1.7741254369417827
0,144,1492263.6734693877,1492263.6734693877,156022.2459343112,1546275.4990433673,1546275.4990433673,152004.27339099703, 1.7371087511380514
0,145,1497186.965880102,1497186.965880102,175769.72064333546,1542550.144345238,1542550.144345238,151770.6011439732, 1.7638425985972086
0,146,1524469.7889030613,1524469.7889030613,208116.07220583546,1541894.010097789,1541894.010097789,152658.82419217686, 1.737418540318807
0,147,1501889.8491709183,1501889.8491709183,176915.25404575892,1542062.1605017006,1542062.1605017006,152331.2023743091, 1.765302014350891
0,148,1493848.5545280613,1493848.5545280613,168868.79274952167,1542613.6909013605,1542613.6909013605,151827.81573527848, 1.7511503100395203
0,149,1504542.1033163266,1504542.1033163266,182184.58051658163,1542106.9478103742,1542106.9478103742,152605.950653699, 1.7163320859273274
1,0,4425683.457270408,4425683.457270408,7453.517087352519,4471864.429846939,4471864.429846939,8931.569171931467, 1.749998684724172
1,1,3992398.6352040814,3992398.6352040814,9911.228650151466,4228119.453443877,4228119.453443877,10834.467623963648, 1.755645759900411
1,2,3743032.6383928573,3743032.6383928573,12074.759065589125,3865992.1413690476,3865992.1413690476,13256.666449099172, 1.7650996049245198
1,3,3541658.512755102,3541658.512755102,11827.209714305644,3657344.225552721,3657344.225552721,14063.123059331154, 1.7731552004814148
1,4,3376414.3227040814,3376414.3227040814,11951.331615214445,3465338.8258928573,3465338.8258928573,13995.13459206925, 1.8020647168159485
1,5,3282181.2678571427,3282181.2678571427,12636.692923409599,3343176.0829081633,3343176.0829081633,14410.882371552136, 1.745327603816986
1,6,3206932.9228316327,3206932.9228316327,12932.01060267857,3257378.1730442178,3257378.1730442178,14903.096730342528, 1.7184964458147685
1,7,3146395.8909438774,3146395.8909438774,13214.349026426977,3190653.519770408,3190653.519770408,15244.618629092261, 1.7245035767555237
1,8,3095685.5159438774,3095685.5159438774,13228.317303093112,3136693.725340136,3136693.725340136,15430.646740971779, 1.8066273053487143
1,9,3057207.1772959186,3057207.1772959186,13232.924580476722,3091929.1088435375,3091929.1088435375,15492.370796463116, 1.7687623341878256
1,10,3028442.8960459186,3028442.8960459186,13096.57571597975,3057847.571003401,3057847.571003401,15503.461026353902, 1.7788553754488627
1,11,3010276.6843112246,3010276.6843112246,13524.060529436383,3033687.5480442178,3033687.5480442178,15467.378168015253, 1.7500826279322306
1,12,2997981.0121173467,2997981.0121173467,13549.370455994898,3019114.136479592,3019114.136479592,15469.028232289009, 1.743564494450887
1,13,2993989.393494898,2993989.393494898,13367.324861487563,3011437.514030612,3011437.514030612,15474.182765830941, 1.7270720879236856
1,14,2996117.589285714,2996117.589285714,13100.285108916614,3008385.105654762,3008385.105654762,15468.607395301871, 1.7564642707506815
1,15,2895880.1715561226,2895880.1715561226,13955.645956234057,2958246.200680272,2958246.200680272,15667.771179614423, 1.7648646672566732
1,16,2819022.7863520407,2819022.7863520407,15344.799637775031,2874391.187287415,2874391.187287415,16513.683068100287, 1.745141088962555
1,17,2755822.8303571427,2755822.8303571427,15995.575865453604,2805993.1455144556,2805993.1455144556,17496.22584087346, 1.7297411759694417
1,18,2705006.2716836734,2705006.2716836734,16542.239462093432,2747979.7906037415,2747979.7906037415,18434.92380238228, 1.7648056983947753
1,19,2661221.551020408,2661221.551020408,17682.631163305166,2700268.801020408,2700268.801020408,19279.44195182956, 1.744307855765025
1,20,2628332.9311224488,2628332.9311224488,18126.055449816646,2664385.3160076533,2664385.3160076533,20078.335978190105, 1.7512362519900004
1,21,2594161.4579081633,2594161.4579081633,19270.103998923787,2631496.3985969387,2631496.3985969387,20705.951675934044, 1.7656247019767761
1,22,2570794.7397959186,2570794.7397959186,19444.413267797354,2603497.642431973,2603497.642431973,21181.793564154177, 1.7544800837834675
1,23,2550734.2079081633,2550734.2079081633,19728.193957270407,2582009.8629889456,2582009.8629889456,21552.17701523969, 1.7656274040540059
1,24,2534377.4579081633,2534377.4579081633,20555.355568399234,2564557.857993197,2564557.857993197,21934.01324006165, 1.7682723681131998
1,25,2526930.589285714,2526930.589285714,20461.187295719068,2553198.0108418367,2553198.0108418367,22295.87201052296, 1.7630735357602438
1,26,2521192.6444515307,2521192.6444515307,20426.13276267538,2545777.4268707484,2545777.4268707484,22564.41113115168, 1.7642083923021952
1,27,2516338.65497449,2516338.65497449,21067.671431560906,2540085.6355229593,2540085.6355229593,22742.097525045174, 1.764030130704244
1,28,2514530.1693239794,2514530.1693239794,20753.954918686224,2537147.115114796,2537147.115114796,22827.221110026043, 1.7328253547350565
1,29,2514554.1906887754,2514554.1906887754,20671.622887436224,2535672.6484906464,2535672.6484906464,22879.55005796264, 1.7519208828608195
1,30,2479544.0621811226,2479544.0621811226,22233.830362125318,2519217.253720238,2519217.253720238,23551.690433009142, 1.752349078655243
1,31,2445917.4556760206,2445917.4556760206,23477.12445691167,2486736.387967687,2486736.387967687,24793.294229312818, 1.7746307611465455
1,32,2416828.7920918367,2416828.7920918367,24688.697400151468,2456437.376381803,2456437.376381803,26059.556663876487, 1.781752336025238
1,33,2393034.8105867347,2393034.8105867347,26059.451670121172,2428754.1035289117,2428754.1035289117,27320.448572690795, 1.783577267328898
1,34,2370363.40625,2370363.40625,27021.567387794963,2404501.034545068,2404501.034545068,28645.13190237032, 1.7645861665407816
1,35,2353410.4904336734,2353410.4904336734,29191.18098792251,2386214.706207483,2386214.706207483,29791.481405452807, 1.7426206707954406
1,36,2334817.0902423467,2334817.0902423467,29464.88996233259,2368244.0890731295,2368244.0890731295,30856.359587585033, 1.7695490797360738
1,37,2321957.398915816,2321957.398915816,30510.984474649234,2354583.2974064625,2354583.2974064625,31716.343037507973, 1.772629431883494
1,38,2311610.0105229593,2311610.0105229593,30943.02082669005,2341538.699829932,2341538.699829932,32494.172225433143, 1.7579731027285257
1,39,2303418.140625,2303418.140625,31433.69683713329,2332710.6937712585,2332710.6937712585,33093.66949504411, 1.7641189257303873
1,40,2296572.1514668367,2296572.1514668367,32174.982416892537,2324847.233312075,2324847.233312075,33529.48249162947, 1.7790874401728312
1,41,2292135.7448979593,2292135.7448979593,32084.86269830198,2320392.127763605,2320392.127763605,33881.401096473746, 1.7489190737406413
1,42,2289593.879464286,2289593.879464286,32484.060885682396,2317606.8286564625,2317606.8286564625,34044.71787142591, 1.733502495288849
1,43,2288625.5117984693,2288625.5117984693,32626.488475566006,2315982.4620535714,2315982.4620535714,34174.26473978263, 1.7452615340550741
1,44,2291358.5532525512,2291358.5532525512,32832.05925143495,2315008.9977678573,2315008.9977678573,34221.729415789756, 1.7683578451474509
1,45,2264903.178890306,2264903.178890306,34435.63051558514,2304058.2901785714,2304058.2901785714,35001.26717620642, 1.7267700831095378
1,46,2244154.9866071427,2244154.9866071427,35873.339405293365,2281720.5746173467,2281720.5746173467,36803.00317050648, 1.801827871799469
1,47,2224986.070790816,2224986.070790816,38178.788066007655,2262371.4154974488,2262371.4154974488,38727.158213089926, 1.762690269947052
1,48,2208596.744260204,2208596.744260204,40259.3242586097,2245614.4710884355,2245614.4710884355,40676.84019252232, 1.782239298025767
1,49,2194437.058035714,2194437.058035714,42075.21400669643,2230548.320790816,2230548.320790816,42499.81648430857, 1.7697103857994079
1,50,2182275.50127551,2182275.50127551,43200.787607621176,2217849.3399234693,2217849.3399234693,44259.14580177774, 1.7790289243062338
1,51,2173395.8191964286,2173395.8191964286,44579.39102359694,2206530.067814626,2206530.067814626,45839.71469759779, 1.8013083457946777
1,52,2163793.3654336734,2163793.3654336734,46088.169702646686,2197249.2397959186,2197249.2397959186,47113.3749269239, 1.7707319259643555
1,53,2155691.4142219387,2155691.4142219387,47641.52803132972,2189095.21832483,2189095.21832483,48229.18845331101, 1.7611111164093018
1,54,2150064.643494898,2150064.643494898,48709.60026705995,2182097.8985969387,2182097.8985969387,49166.25126886692, 1.758407962322235
1,55,2147912.866709184,2147912.866709184,47417.2428252551,2178143.7934736395,2178143.7934736395,49805.5194747821, 1.7407631715138754
1,56,2145370.595344388,2145370.595344388,48868.36348054847,2175548.187287415,2175548.187287415,50184.50976894664, 1.7723885377248128
1,57,2145829.279655612,2145829.279655612,48710.741749043365,2172280.0181760206,2172280.0181760206,50547.52404203869, 1.7267492453257243
1,58,2143998.3759566327,2143998.3759566327,48812.33463209502,2172480.4041241496,2172480.4041241496,50698.46066180379, 1.7947088042894999
1,59,2142367.3785076533,2142367.3785076533,49539.3248565051,2170852.370854592,2170852.370854592,50732.29073992879, 1.74983252286911
1,60,2127861.791135204,2127861.791135204,51700.44764429209,2164744.7965561226,2164744.7965561226,51859.34929049745, 1.7717937747637431
1,61,2112776.5803571427,2112776.5803571427,53992.72132095025,2149827.59332483,2149827.59332483,53924.432348134564, 1.806290829181671
1,62,2098839.6313775512,2098839.6313775512,54775.02871890944,2135981.9696003404,2135981.9696003404,56079.14958678784, 1.7735233505566914
1,63,2086935.2560586734,2086935.2560586734,57227.74238679847,2123269.288584184,2123269.288584184,58017.63196880314, 1.7703364968299866
1,64,2072905.299107143,2072905.299107143,58478.446767378824,2109788.5673894556,2109788.5673894556,59890.70312832164, 1.7538502057393393
1,65,2061723.671237245,2061723.671237245,60810.58095503826,2099714.365114796,2099714.365114796,61547.79575228529, 1.781205455462138
1,66,2053157.9748086734,2053157.9748086734,61783.049565529334,2089520.706845238,2089520.706845238,63070.60346247874, 1.7474154949188232
1,67,2046284.659119898,2046284.659119898,62998.5226303412,2081338.043154762,2081338.043154762,64343.11124508397, 1.7825320720672608
1,68,2039945.9760841837,2039945.9760841837,63882.67825255102,2074939.0648384353,2074939.0648384353,65378.70938961522, 1.761746335029602
1,69,2033943.301020408,2033943.301020408,66154.46482382015,2069516.8994472788,2069516.8994472788,66272.02845317815, 1.8021658738454183
1,70,2031440.980229592,2031440.980229592,66165.6603256537,2065668.7786989796,2065668.7786989796,66912.82736434418, 1.7778407096862794
1,71,2028902.941645408,2028902.941645408,68761.54320790817,2063074.1675170069,2063074.1675170069,67397.41020275297, 1.7733695387840271
1,72,2028438.4795918367,2028438.4795918367,67455.79799107143,2062013.8559736395,2062013.8559736395,67627.27441074087, 1.74684419631958
1,73,2027139.9237882653,2027139.9237882653,66437.34327168367,2060756.5872661564,2060756.5872661564,67772.70100579294, 1.7478646556536357
1,74,2027338.777104592,2027338.777104592,65875.16510881696,2060169.4858630951,2060169.4858630951,67851.76793021896, 1.7711347699165345
1,75,2015175.671875,2015175.671875,68984.33137356504,2054833.4460034014,2054833.4460034014,68894.83639256484, 1.7891713738441468
1,76,2002625.5038265307,2002625.5038265307,71567.00910794004,2043686.127869898,2043686.127869898,70891.38865194515, 1.7870047370592752
1,77,1992349.0714285714,1992349.0714285714,72954.05586336098,2032671.9675807822,2032671.9675807822,72853.53556149022, 1.7557600299517313
1,78,1983249.753507653,1983249.753507653,75393.52349728954,2022639.6466836734,2022639.6466836734,74734.49756191538, 1.7597984234491983
1,79,1975474.897002551,1975474.897002551,78924.96641820791,2013603.0261479593,2013603.0261479593,76539.62293061757, 1.7454281210899354
1,80,1966614.7110969387,1966614.7110969387,78902.4006895727,2005585.502657313,2005585.502657313,78083.73436835672, 1.7766283830006917
1,81,1961239.0934311224,1961239.0934311224,79135.0530333227,1998630.5381590135,1998630.5381590135,79441.44350884885, 1.7338132500648498
1,82,1955603.715880102,1955603.715880102,80829.4118104273,1992668.9587585034,1992668.9587585034,80632.83213089923, 1.7558836619059244
1,83,1953871.5465561224,1953871.5465561224,77753.27931680485,1987843.2155612244,1987843.2155612244,81590.06403459821, 1.7589250604311626
1,84,1947821.146364796,1947821.146364796,81438.02654655612,1983749.596619898,1983749.596619898,82375.49769810268, 1.7844325145085653
1,85,1945189.9375,1945189.9375,82017.95938297194,1980929.165284864,1980929.165284864,82982.73353794643, 1.7820216377576192
1,86,1943793.887755102,1943793.887755102,84283.3665098852,1978963.4289965986,1978963.4289965986,83337.8922393176, 1.7636972387631735
1,87,1942463.631377551,1942463.631377551,82801.4860291773,1978227.7809311224,1978227.7809311224,83596.47832296981, 1.7497543613115947
1,88,1942426.390625,1942426.390625,83523.8112244898,1976839.5080782312,1976839.5080782312,83771.93632413902, 1.7515472292900085
1,89,1942437.6670918367,1942437.6670918367,83312.46627869898,1976394.5975765307,1976394.5975765307,83797.0869705304, 1.7221586982409158
1,90,1933855.525510204,1933855.525510204,83331.9647640306,1973400.3732993198,1973400.3732993198,84676.33176219706, 1.7716328978538514
1,91,1924480.5258290817,1924480.5258290817,85575.82417889031,1964814.391262755,1964814.391262755,86549.87451504038, 1.7402132471402487
1,92,1916163.735012755,1916163.735012755,88841.93359375,1955579.8792517006,1955579.8792517006,88239.8443877551, 1.8132420341173807
1,93,1907053.3724489796,1907053.3724489796,89268.472915338,1947084.5047831633,1947084.5047831633,89875.53002763605, 1.7721450448036193
1,94,1898392.2602040817,1898392.2602040817,91868.40086894133,1939109.3139880951,1939109.3139880951,91387.43748671343, 1.817473574479421
1,95,1891157.618622449,1891157.618622449,92349.40975765306,1931058.6457270407,1931058.6457270407,92680.42988015519, 1.7783679127693177
1,96,1884147.4030612244,1884147.4030612244,94023.70505819515,1924495.8999787415,1924495.8999787415,93871.11927349065, 1.790729582309723
1,97,1879261.859375,1879261.859375,95161.0586734694,1918706.4359056123,1918706.4359056123,94912.02170360331, 1.7603465437889099
1,98,1876030.2047193877,1876030.2047193877,93716.06495137117,1914749.361607143,1914749.361607143,95737.11552003614, 1.7782644748687744
1,99,1873707.108737245,1873707.108737245,96510.32559390944,1910791.5953443877,1910791.5953443877,96369.26953125, 1.7723589301109315
1,100,1869944.662627551,1869944.662627551,97566.49428013393,1907701.0632440476,1907701.0632440476,96881.52127843325, 1.76663844982783
1,101,1868608.3169642857,1868608.3169642857,97137.5166812819,1906952.0205144559,1906952.0205144559,97253.78781356293, 1.746411649386088
1,102,1867405.0676020407,1867405.0676020407,97697.92002152423,1905056.4039115647,1905056.4039115647,97448.17680431547, 1.7578384598096213
1,103,1869107.7971938776,1869107.7971938776,95158.16356425383,1904994.9795918367,1904994.9795918367,97533.97304156037, 1.7903541684150697
1,104,1868599.4610969387,1868599.4610969387,95462.61838329081,1904281.427827381,1904281.427827381,97654.24426684737, 1.7905775507291157
1,105,1859748.6380739796,1859748.6380739796,99175.9696468431,1901812.931760204,1901812.931760204,98376.12928491709, 1.7396442612012228
1,106,1851448.628507653,1851448.628507653,100196.02650669643,1893900.7743409865,1893900.7743409865,99807.09596885629, 1.7932701190312703
1,107,1844499.2917729593,1844499.2917729593,100705.4440369898,1886474.046875,1886474.046875,101290.50012622237, 1.7455274979273478
1,108,1837460.887117347,1837460.887117347,102146.75330835459,1879109.544642857,1879109.544642857,102601.96991921769, 1.7551258325576782
1,109,1831318.736607143,1831318.736607143,105667.11338089923,1872791.1471088436,1872791.1471088436,103951.75331499787, 1.7704380909601847
1,110,1826274.850765306,1826274.850765306,105773.9336734694,1867375.5068027212,1867375.5068027212,105003.0321468431, 1.7501098275184632
1,111,1821685.0720663266,1821685.0720663266,106501.0530731824,1862895.7330994897,1862895.7330994897,106047.94300063775, 1.77091011206309
1,112,1817783.1514668367,1817783.1514668367,106093.90521364796,1858444.6708120748,1858444.6708120748,106816.21419270833, 1.774151082833608
1,113,1815873.3421556123,1815873.3421556123,107539.62705277423,1855068.436862245,1855068.436862245,107560.73400297618, 1.8126510500907898
1,114,1812390.4142219387,1812390.4142219387,108744.4543606505,1852349.4275085034,1852349.4275085034,108072.76795014882, 1.7735997200012208
1,115,1810573.0650510204,1810573.0650510204,107043.60497050383,1850285.7610544218,1850285.7610544218,108526.45870535714, 1.7785920262336732
1,116,1809846.5210459183,1809846.5210459183,107188.09444754464,1848534.315369898,1848534.315369898,108828.94769079507, 1.8036876002947488
1,117,1809180.519132653,1809180.519132653,107993.12992267219,1847934.9427083333,1847934.9427083333,109041.94721247874, 1.7641222556432088
1,118,1809330.0175382653,1809330.0175382653,108326.10584741709,1847814.1970663266,1847814.1970663266,109122.55402317178, 1.7524238308270772
1,119,1808928.735012755,1808928.735012755,108835.34512515944,1847388.2231079931,1847388.2231079931,109131.6454280931, 1.781501845518748
1,120,1804065.321747449,1804065.321747449,107504.8542330995,1845923.8019770407,1845923.8019770407,109740.67373511905, 1.7453353683153787
1,121,1796527.384885204,1796527.384885204,110692.76811623087,1839820.706632653,1839820.706632653,110990.20429421769, 1.765649712085724
1,122,1792608.6329719387,1792608.6329719387,108047.80191725127,1833742.2082270407,1833742.2082270407,112207.60841836735, 1.747472349802653
1,123,1784808.171237245,1784808.171237245,114157.16749043367,1827741.8683035714,1827741.8683035714,113329.56162973001, 1.737967562675476
1,124,1779903.710140306,1779903.710140306,113468.45463966837,1822821.1250531462,1822821.1250531462,114300.46863042092, 1.7725966016451518
1,125,1775480.7901785714,1775480.7901785714,115486.26572464923,1817321.6686862244,1817321.6686862244,115314.02913079294, 1.8261449774106344
1,126,1770935.9320790817,1770935.9320790817,113468.75761320152,1812939.2026998298,1812939.2026998298,116160.9275882228, 1.7962684432665508
1,127,1766817.3179209183,1766817.3179209183,116287.19176498725,1809340.534970238,1809340.534970238,116877.12957057822, 1.7928211450576783
1,128,1765253.2825255103,1765253.2825255103,115749.48278061225,1805943.8882865647,1805943.8882865647,117510.83231026786, 1.776568599541982
1,129,1761588.9441964286,1761588.9441964286,117973.5262874681,1803256.2144982994,1803256.2144982994,117948.6763060693, 1.7684956868489583
1,130,1760306.8590561224,1760306.8590561224,118015.08011798469,1800888.7443664966,1800888.7443664966,118305.02507839072, 1.748495634396871
1,131,1759798.859375,1759798.859375,119212.43823740433,1800191.917729592,1800191.917729592,118549.90062313988, 1.7506330450375875
1,132,1759921.1103316327,1759921.1103316327,117153.94740513393,1799009.8797831633,1799009.8797831633,118674.83656861182, 1.7387571851412456
1,133,1757846.1674107143,1757846.1674107143,119350.92883051658,1798994.3504464286,1798994.3504464286,118705.1746917517, 1.7330102801322937
1,134,1757357.388392857,1757357.388392857,116831.51811623087,1798656.8754251702,1798656.8754251702,118830.96261160714, 1.7397016127904257
1,135,1752587.866390306,1752587.866390306,119423.39718191964,1796679.602359694,1796679.602359694,119325.82208625638, 1.7621501008669536
1,136,1744832.115752551,1744832.115752551,119116.85582748725,1789949.612882653,1789949.612882653,120524.9207855017, 1.7904308040936787
1,137,1737807.380739796,1737807.380739796,123648.93474968112,1784392.6640093538,1784392.6640093538,121503.94905931123, 1.7405677755673727
1,138,1732120.081632653,1732120.081632653,124030.69977678571,1778606.4012542516,1778606.4012542516,122481.3628693665, 1.7534898082415262
1,139,1727246.8035714286,1727246.8035714286,124475.79655612246,1773024.643282313,1773024.643282313,123372.37448846726, 1.7409143567085266
1,140,1723095.9888392857,1723095.9888392857,123865.52234135842,1768723.3968962585,1768723.3968962585,124117.22702752976, 1.7339027841885886
1,141,1719720.5676020407,1719720.5676020407,123135.49107142857,1763789.2368197278,1763789.2368197278,124839.64615885417, 1.775828210512797
1,142,1716168.9001913266,1716168.9001913266,126725.21884964923,1760302.3852040817,1760302.3852040817,125550.40769823555, 1.760966436068217
1,143,1712709.9996811224,1712709.9996811224,126676.59319196429,1757809.665284864,1757809.665284864,126091.50508211098, 1.7579587976137796
1,144,1712199.3201530613,1712199.3201530613,124893.33045679209,1754865.2289540817,1754865.2289540817,126508.70091943027, 1.738236125310262
1,145,1709497.4639668367,1709497.4639668367,125661.22548628827,1753209.8189838436,1753209.8189838436,126887.64563403487, 1.7612139463424683
1,146,1708042.4505739796,1708042.4505739796,129818.30339205996,1752259.0091411564,1752259.0091411564,127144.08062951743, 1.78977818886439
1,147,1706731.2863520407,1706731.2863520407,128899.60289779975,1751368.503295068,1751368.503295068,127313.70010230655, 1.7055938998858133
1,148,1707169.722895408,1707169.722895408,127464.82152822067,1750057.2700892857,1750057.2700892857,127397.83979724703, 1.7873393813769023
1,149,1707231.843112245,1707231.843112245,127026.66918447067,1750108.5599489796,1750108.5599489796,127348.63298522534, 1.7880858699480693
2,0,4426347.131377551,4426347.131377551,7389.912080725845,4472597.044217687,4472597.044217687,8883.416642169563, 1.7698301116625468
2,1,3996298.288265306,3996298.288265306,10113.813972317443,4234418.728103741,4234418.728103741,10778.69889904204, 1.7937401413917542
2,2,3744164.2723214286,3744164.2723214286,11601.131442323023,3869625.8758503404,3869625.8758503404,13187.716983717315, 1.7674836039543151
2,3,3533649.6071428573,3533649.6071428573,11614.248958665497,3656720.801445578,3656720.801445578,14044.101865599756, 1.7938278714815776
2,4,3371989.0931122447,3371989.0931122447,11984.20729033801,3466041.207270408,3466041.207270408,14031.929537195738, 1.7740350683530173
2,5,3274444.2034438774,3274444.2034438774,12702.979457310268,3343939.5163690476,3343939.5163690476,14505.316832250479, 1.7565044363339741
2,6,3201104.304209184,3201104.304209184,12894.880438356984,3260198.607780612,3260198.607780612,14996.839002544377, 1.7443007946014404
2,7,3140851.244260204,3140851.244260204,13295.118981186224,3193174.7789115645,3193174.7789115645,15344.184548721832, 1.7815821131070455
2,8,3087742.0031887754,3087742.0031887754,13412.25364716199,3138208.8981717685,3138208.8981717685,15505.250528971354, 1.7055331985155742
2,9,3046839.8073979593,3046839.8073979593,13567.275507712851,3094200.923469388,3094200.923469388,15558.461794483419, 1.7721936504046123
2,10,3018526.136479592,3018526.136479592,13301.816675302935,3060225.6405187077,3060225.6405187077,15573.013992413371, 1.7569040020306905
2,11,2998105.924744898,2998105.924744898,13390.98982830437,3036544.284013605,3036544.284013605,15540.399569349223, 1.7399782498677572
2,12,2987183.382015306,2987183.382015306,13541.736549844547,3021094.068027211,3021094.068027211,15560.393281482515, 1.776681915918986
2,13,2983006.5491071427,2983006.5491071427,13461.300497249682,3013718.4081632653,3013718.4081632653,15568.661890146685, 1.765188177426656
2,14,2980103.9706632653,2980103.9706632653,13349.636853276466,3011826.3076105444,3011826.3076105444,15575.336419137968, 1.7363432765007019
2,15,2886081.0204081633,2886081.0204081633,14265.21677196269,2960947.50127551,2960947.50127551,15810.546105209662, 1.7485782901446025
2,16,2810775.03125,2810775.03125,14948.06594288106,2878682.019982993,2878682.019982993,16712.566411232463, 1.776427412033081
2,17,2744427.980229592,2744427.980229592,16253.059453224649,2809712.848214286,2809712.848214286,17705.30252926366, 1.7904014507929484
2,18,2693114.5433673467,2693114.5433673467,16715.45660026706,2753099.7402210883,2753099.7402210883,18537.76114493649, 1.75733083486557
2,19,2647937.3220663266,2647937.3220663266,17796.038930464765,2705930.992984694,2705930.992984694,19357.352529097578, 1.7403204679489135
2,20,2613900.6154336734,2613900.6154336734,18386.487177634725,2667910.9657738097,2667910.9657738097,20098.372487178465, 1.823215699195862
2,21,2582853.883290816,2582853.883290816,18686.483617665817,2635716.788690476,2635716.788690476,20700.37068601855, 1.7722083449363708
2,22,2554191.7876275512,2554191.7876275512,19411.703837492027,2606962.0443239794,2606962.0443239794,21156.8588584848, 1.7781345168749492
2,23,2536098.3801020407,2536098.3801020407,20079.634925063776,2584409.9462159863,2584409.9462159863,21550.70071016688, 1.753449296951294
2,24,2522716.2592474488,2522716.2592474488,20475.99957649075,2568387.99957483,2568387.99957483,21918.397650271047, 1.7481635212898254
2,25,2512831.400510204,2512831.400510204,20463.940275231187,2557335.7365008504,2557335.7365008504,22257.868715454933, 1.7787566383679707
2,26,2507990.6709183673,2507990.6709183673,20528.27269013074,2549798.6341411564,2549798.6341411564,22523.695355681335, 1.784222384293874
2,27,2503562.9167729593,2503562.9167729593,20869.115050023916,2544235.8847789117,2544235.8847789117,22702.52766262755, 1.7567882657051086
2,28,2501311.772640306,2501311.772640306,21063.5886977838,2541945.302189626,2541945.302189626,22773.55925641741, 1.7444717089335124
2,29,2500209.2034438774,2500209.2034438774,21044.284443757973,2542179.9867134355,2542179.9867134355,22789.70789155506, 1.753840200106303
2,30,2468572.2069515307,2468572.2069515307,22055.861238440688,2523699.918579932,2523699.918579932,23449.1238540338, 1.7515240430831909
2,31,2434805.9024234693,2434805.9024234693,23747.809948979593,2492089.850977891,2492089.850977891,24697.40202819409, 1.7909379522005717
2,32,2405656.694515306,2405656.694515306,24472.3564453125,2460808.103847789,2460808.103847789,25892.08412720557, 1.7473921298980712
2,33,2380473.0963010206,2380473.0963010206,26070.547637316646,2433909.613095238,2433909.613095238,27139.971973652744, 1.763072387377421
2,34,2358042.471619898,2358042.471619898,26983.035744180484,2410388.365114796,2410388.365114796,28440.949693744686, 1.7614938020706177
2,35,2338394.1029974488,2338394.1029974488,28589.91017617985,2390099.1145833335,2390099.1145833335,29594.47328736182, 1.7733084241549173
2,36,2323313.4257015307,2323313.4257015307,29813.460439253828,2373550.3007015307,2373550.3007015307,30615.08712332589, 1.7792872349421183
2,37,2308959.9451530613,2308959.9451530613,30760.109016262755,2357788.2860331633,2357788.2860331633,31545.275375677615, 1.7929918885231018
2,38,2298842.1823979593,2298842.1823979593,30741.396873007016,2345897.5515518705,2345897.5515518705,32325.04302687872, 1.737423094113668
2,39,2288525.4126275512,2288525.4126275512,32394.982760682396,2336914.3506590137,2336914.3506590137,32932.10686383928, 1.7656813700993856
2,40,2283675.7662627553,2283675.7662627553,31785.238620057396,2329434.7197066327,2329434.7197066327,33362.1800910794, 1.777646581331889
2,41,2276903.6798469387,2276903.6798469387,32397.958780094068,2323979.1897321427,2323979.1897321427,33722.71937779018, 1.8130391081174215
2,42,2277305.036989796,2277305.036989796,32532.768051458865,2322134.961309524,2322134.961309524,33896.72396663744, 1.790676470597585
2,43,2275546.0344387754,2275546.0344387754,32161.051254583865,2319486.7307610544,2319486.7307610544,34028.50802010257, 1.7945239702860514
2,44,2276394.4875637754,2276394.4875637754,32173.95205377073,2319784.241390306,2319784.241390306,34037.85333957802, 1.7453415791193645
2,45,2252535.6897321427,2252535.6897321427,34011.07483159279,2308218.643282313,2308218.643282313,34877.71009380314, 1.744604468345642
2,46,2229542.8632015307,2229542.8632015307,36625.3759367028,2285456.808035714,2285456.808035714,36685.78916547087, 1.7822921991348266
2,47,2212676.5465561226,2212676.5465561226,37802.52549027424,2265869.7692389456,2265869.7692389456,38607.12795293899, 1.7689488212267557
2,48,2196098.673469388,2196098.673469388,39355.091926419,2247954.7932610544,2247954.7932610544,40583.02410182823, 1.7792514880498251
2,49,2181102.7133290814,2181102.7133290814,42653.436055086095,2233836.173256803,2233836.173256803,42465.89072464924, 1.7721871892611185
2,50,2167775.6316964286,2167775.6316964286,43186.57142857143,2219335.6425382653,2219335.6425382653,44230.957482993195, 1.7368658065795899
2,51,2158345.549744898,2158345.549744898,44869.109365035074,2208106.783056973,2208106.783056973,45824.41868290285, 1.7568638523419697
2,52,2149710.174744898,2149710.174744898,46081.74348294005,2198729.3897746596,2198729.3897746596,47151.82638778167, 1.7713268280029297
2,53,2141958.5832270407,2141958.5832270407,46595.905034279334,2190451.0404974488,2190451.0404974488,48253.29569913903, 1.7697753628094992
2,54,2137136.0902423467,2137136.0902423467,47236.27679567921,2184188.0650510206,2184188.0650510206,49173.90734281994, 1.768965439001719
